customer_id,gender,age,city
3,F,22,서울
4,M,54,부산
5,M,46,인천
6,F,48,서울
7,F,45,인천
8,M,45,서울
9,F,23,서울
11,M,45,대구
12,F,56,인천
13,F,33,서울
14,M,47,부산
15,M,20,광주
16,M,35,광주
18,M,39,대구
19,M,65,대구
20,M,29,부산
21,M,31,인천
22,F,38,대구
23,M,65,부산
24,F,59,서울
25,M,20,서울
26,F,29,광주
27,F,57,대구
28,M,21,대구
30,M,59,대구
31,M,32,인천
32,F,62,서울
33,M,32,서울
34,M,39,부산
35,F,50,대구
36,F,24,인천
37,F,45,대구
38,F,42,대구
39,M,55,광주
40,M,65,서울
41,F,50,대구
43,M,38,대구
44,M,38,대구
47,F,38,광주
49,M,57,부산
50,F,34,광주
51,M,26,부산
53,M,34,대구
55,F,20,대구
56,F,23,광주
57,M,23,대구
58,F,55,부산
59,M,52,서울
60,M,51,부산
61,M,40,광주
62,M,52,서울
63,F,26,광주
64,F,61,대구
65,F,42,서울
66,F,63,부산
68,F,26,대구
69,M,42,부산
70,F,51,서울
71,M,42,인천
72,M,39,인천
73,M,26,서울
75,M,36,부산
76,F,30,부산
77,M,33,인천
78,F,51,인천
80,F,48,인천
81,M,47,광주
83,F,36,인천
84,F,64,부산
86,F,23,서울
87,M,35,인천
90,F,24,광주
91,F,34,광주
92,F,64,부산
93,M,36,부산
95,F,61,서울
96,F,42,서울
98,F,51,대구
99,M,40,대구
102,M,31,부산
103,M,54,부산
104,F,64,광주
105,F,31,대구
106,M,55,광주
107,M,31,광주
108,M,52,부산
110,F,56,부산
111,F,40,광주
112,M,53,인천
113,M,31,부산
114,F,22,인천
115,M,23,대구
116,M,40,광주
117,F,61,부산
118,M,24,광주
119,F,40,광주
120,F,52,서울
121,M,28,서울
122,M,52,대구
123,F,33,서울
124,M,57,부산
125,F,46,대구
126,M,44,광주
127,F,27,광주
128,M,40,서울
129,M,59,광주
130,M,19,서울
131,M,54,인천
132,F,42,광주
133,M,52,광주
134,F,50,부산
135,M,39,광주
136,M,33,서울
137,F,48,대구
138,M,25,대구
139,M,46,부산
140,F,23,서울
141,F,49,인천
142,F,48,부산
143,F,22,인천
144,F,54,대구
145,M,38,부산
146,M,55,광주
147,F,20,서울
148,M,27,인천
149,M,42,인천
