order_id,customer_id,order_date,payment_method,order_status
238,124,2025-07-09,bank_transfer,completed
79,62,2025-07-11,bank_transfer,refunded
12,98,2025-07-12,kakao_pay,completed
169,9,2025-07-12,kakao_pay,completed
152,62,2025-07-13,naver_pay,refunded
97,11,2025-07-14,bank_transfer,cancelled
61,4,2025-07-19,bank_transfer,completed
245,37,2025-07-20,naver_pay,completed
2,77,2025-07-23,naver_pay,cancelled
157,114,2025-07-25,kakao_pay,refunded
177,102,2025-07-27,kakao_pay,completed
191,40,2025-07-28,naver_pay,completed
158,77,2025-07-29,naver_pay,completed
221,71,2025-07-31,kakao_pay,cancelled
277,44,2025-07-31,card,refunded
184,57,2025-08-02,card,cancelled
8,137,2025-08-03,card,cancelled
253,114,2025-08-04,naver_pay,cancelled
276,87,2025-08-04,bank_transfer,completed
187,78,2025-08-05,naver_pay,completed
236,80,2025-08-06,kakao_pay,completed
231,24,2025-08-08,naver_pay,completed
299,135,2025-08-08,bank_transfer,completed
49,104,2025-08-10,bank_transfer,completed
82,121,2025-08-10,kakao_pay,completed
197,102,2025-08-10,kakao_pay,completed
98,133,2025-08-13,naver_pay,completed
224,30,2025-08-15,bank_transfer,cancelled
144,26,2025-08-16,card,cancelled
167,65,2025-08-16,bank_transfer,completed
17,58,2025-08-17,card,completed
182,60,2025-08-21,naver_pay,completed
267,5,2025-08-21,naver_pay,completed
123,71,2025-08-23,naver_pay,completed
127,115,2025-08-23,naver_pay,completed
199,55,2025-08-23,card,completed
288,15,2025-08-25,kakao_pay,refunded
155,3,2025-08-26,naver_pay,completed
162,92,2025-08-26,kakao_pay,completed
275,21,2025-09-01,naver_pay,completed
193,9,2025-09-03,kakao_pay,completed
271,84,2025-09-03,bank_transfer,refunded
192,126,2025-09-04,naver_pay,completed
25,148,2025-09-05,naver_pay,cancelled
232,96,2025-09-06,bank_transfer,refunded
237,148,2025-09-06,bank_transfer,completed
278,30,2025-09-10,bank_transfer,completed
234,106,2025-09-13,kakao_pay,cancelled
27,63,2025-09-14,card,completed
150,47,2025-09-15,bank_transfer,completed
65,73,2025-09-16,naver_pay,cancelled
132,122,2025-09-17,naver_pay,cancelled
176,20,2025-09-17,bank_transfer,completed
81,105,2025-09-20,naver_pay,refunded
125,73,2025-09-20,kakao_pay,refunded
133,39,2025-09-20,naver_pay,completed
146,12,2025-09-21,kakao_pay,completed
265,144,2025-09-22,kakao_pay,completed
226,87,2025-09-26,naver_pay,cancelled
228,110,2025-09-27,kakao_pay,completed
67,14,2025-09-28,kakao_pay,cancelled
134,33,2025-09-30,kakao_pay,completed
100,24,2025-10-02,naver_pay,completed
207,7,2025-10-03,bank_transfer,completed
269,104,2025-10-03,naver_pay,completed
148,111,2025-10-04,bank_transfer,completed
122,49,2025-10-05,bank_transfer,completed
246,37,2025-10-05,card,completed
255,56,2025-10-06,card,completed
83,60,2025-10-09,kakao_pay,completed
89,146,2025-10-09,kakao_pay,cancelled
233,16,2025-10-09,kakao_pay,completed
53,117,2025-10-10,kakao_pay,completed
103,106,2025-10-10,naver_pay,completed
46,143,2025-10-11,bank_transfer,cancelled
198,32,2025-10-12,naver_pay,completed
121,117,2025-10-13,bank_transfer,cancelled
178,102,2025-10-14,card,completed
70,14,2025-10-16,bank_transfer,completed
229,96,2025-10-18,bank_transfer,cancelled
257,125,2025-10-18,kakao_pay,completed
273,112,2025-10-19,card,completed
31,108,2025-10-20,naver_pay,completed
43,72,2025-10-20,kakao_pay,refunded
119,131,2025-10-21,kakao_pay,cancelled
294,147,2025-10-21,bank_transfer,completed
156,140,2025-10-22,bank_transfer,completed
77,26,2025-10-23,bank_transfer,completed
137,105,2025-10-23,bank_transfer,completed
50,149,2025-10-24,kakao_pay,cancelled
72,64,2025-10-24,card,refunded
143,59,2025-10-25,card,cancelled
249,41,2025-10-25,kakao_pay,completed
171,107,2025-10-26,bank_transfer,completed
247,136,2025-10-27,bank_transfer,cancelled
286,113,2025-10-28,card,cancelled
160,99,2025-10-29,naver_pay,completed
244,90,2025-10-29,card,completed
99,47,2025-10-30,naver_pay,cancelled
147,76,2025-10-31,kakao_pay,completed
214,129,2025-10-31,bank_transfer,refunded
151,21,2025-11-02,naver_pay,refunded
196,140,2025-11-02,kakao_pay,completed
104,103,2025-11-03,card,cancelled
218,126,2025-11-03,naver_pay,completed
291,95,2025-11-03,kakao_pay,completed
120,124,2025-11-04,naver_pay,completed
280,27,2025-11-04,bank_transfer,completed
126,149,2025-11-07,naver_pay,completed
44,3,2025-11-10,bank_transfer,completed
64,27,2025-11-11,card,refunded
115,142,2025-11-13,card,refunded
60,93,2025-11-15,bank_transfer,completed
11,47,2025-11-17,card,completed
71,145,2025-11-17,kakao_pay,completed
175,87,2025-11-17,card,cancelled
111,53,2025-11-18,kakao_pay,refunded
3,138,2025-11-19,bank_transfer,cancelled
116,105,2025-11-21,card,completed
68,30,2025-11-22,card,cancelled
19,6,2025-11-25,bank_transfer,completed
149,136,2025-11-25,naver_pay,refunded
7,120,2025-11-28,bank_transfer,refunded
107,132,2025-11-28,card,refunded
59,50,2025-12-02,kakao_pay,completed
210,68,2025-12-02,card,completed
185,78,2025-12-10,naver_pay,completed
293,149,2025-12-11,card,cancelled
85,68,2025-12-12,bank_transfer,cancelled
101,105,2025-12-12,kakao_pay,completed
239,90,2025-12-13,kakao_pay,completed
202,142,2025-12-16,bank_transfer,refunded
14,98,2025-12-18,kakao_pay,cancelled
112,34,2025-12-20,kakao_pay,cancelled
266,102,2025-12-20,card,cancelled
5,125,2025-12-21,card,cancelled
217,103,2025-12-21,naver_pay,completed
18,8,2025-12-23,bank_transfer,completed
26,51,2025-12-24,card,refunded
39,146,2025-12-24,naver_pay,completed
287,114,2025-12-25,kakao_pay,completed
298,64,2025-12-25,naver_pay,cancelled
174,66,2025-12-26,naver_pay,completed
213,132,2025-12-26,card,cancelled
95,24,2025-12-29,bank_transfer,refunded
211,108,2025-12-29,card,completed
240,72,2025-12-29,bank_transfer,cancelled
52,141,2025-12-30,kakao_pay,completed
118,40,2025-12-31,naver_pay,completed
252,13,2025-12-31,card,completed
23,30,2026-01-02,bank_transfer,completed
38,116,2026-01-04,bank_transfer,cancelled
55,50,2026-01-04,kakao_pay,completed
172,34,2026-01-06,kakao_pay,refunded
243,70,2026-01-06,kakao_pay,completed
289,19,2026-01-06,kakao_pay,cancelled
108,119,2026-01-07,naver_pay,completed
91,104,2026-01-08,kakao_pay,refunded
173,129,2026-01-09,kakao_pay,completed
181,98,2026-01-09,kakao_pay,completed
37,63,2026-01-11,card,completed
136,117,2026-01-12,card,completed
66,113,2026-01-13,kakao_pay,completed
86,30,2026-01-13,bank_transfer,completed
16,5,2026-01-14,card,completed
94,83,2026-01-14,kakao_pay,completed
166,91,2026-01-14,bank_transfer,completed
186,36,2026-01-14,card,completed
62,12,2026-01-15,card,refunded
297,22,2026-01-15,bank_transfer,completed
295,122,2026-01-18,bank_transfer,completed
9,145,2026-01-20,card,completed
80,20,2026-01-24,bank_transfer,completed
29,137,2026-01-26,naver_pay,completed
209,83,2026-01-26,card,completed
141,125,2026-01-27,card,refunded
4,57,2026-01-30,kakao_pay,cancelled
110,128,2026-01-30,naver_pay,completed
154,66,2026-01-31,naver_pay,completed
129,83,2026-02-01,bank_transfer,completed
35,138,2026-02-02,naver_pay,cancelled
296,116,2026-02-02,card,completed
268,81,2026-02-04,naver_pay,refunded
114,62,2026-02-06,bank_transfer,completed
109,49,2026-02-07,kakao_pay,refunded
159,117,2026-02-07,kakao_pay,completed
235,14,2026-02-07,kakao_pay,refunded
78,68,2026-02-08,card,completed
87,69,2026-02-08,bank_transfer,completed
200,86,2026-02-09,bank_transfer,completed
195,93,2026-02-11,card,completed
219,21,2026-02-13,kakao_pay,refunded
56,138,2026-02-14,bank_transfer,completed
284,149,2026-02-14,naver_pay,refunded
170,24,2026-02-15,kakao_pay,completed
188,25,2026-02-17,bank_transfer,refunded
106,83,2026-02-18,card,cancelled
139,102,2026-02-21,card,completed
216,8,2026-02-21,card,cancelled
261,66,2026-02-22,kakao_pay,completed
42,91,2026-02-23,kakao_pay,completed
242,69,2026-02-23,card,completed
74,98,2026-02-24,naver_pay,cancelled
142,18,2026-02-24,bank_transfer,completed
204,38,2026-02-24,card,completed
281,51,2026-02-24,bank_transfer,refunded
300,96,2026-02-25,kakao_pay,cancelled
203,56,2026-02-28,bank_transfer,completed
222,136,2026-03-01,kakao_pay,cancelled
57,56,2026-03-02,naver_pay,completed
32,111,2026-03-04,kakao_pay,cancelled
206,65,2026-03-05,bank_transfer,completed
220,38,2026-03-06,card,completed
227,107,2026-03-07,card,completed
260,78,2026-03-07,bank_transfer,completed
189,35,2026-03-09,naver_pay,cancelled
20,33,2026-03-11,naver_pay,completed
163,6,2026-03-12,naver_pay,completed
92,139,2026-03-15,naver_pay,cancelled
10,110,2026-03-16,bank_transfer,cancelled
270,30,2026-03-16,naver_pay,completed
30,18,2026-03-17,kakao_pay,completed
6,87,2026-03-21,naver_pay,completed
230,18,2026-03-21,card,completed
262,31,2026-03-21,card,cancelled
105,23,2026-03-22,kakao_pay,completed
58,135,2026-03-24,kakao_pay,completed
190,95,2026-03-31,naver_pay,refunded
254,114,2026-03-31,naver_pay,completed
241,144,2026-04-01,card,refunded
290,116,2026-04-01,card,completed
90,32,2026-04-02,naver_pay,completed
102,27,2026-04-02,bank_transfer,completed
131,106,2026-04-02,card,completed
161,61,2026-04-04,naver_pay,refunded
292,24,2026-04-05,naver_pay,cancelled
75,77,2026-04-06,naver_pay,completed
117,30,2026-04-06,naver_pay,completed
250,84,2026-04-07,card,completed
24,28,2026-04-08,card,completed
153,37,2026-04-08,bank_transfer,cancelled
248,108,2026-04-08,naver_pay,completed
93,21,2026-04-10,card,cancelled
84,117,2026-04-13,card,completed
124,130,2026-04-14,kakao_pay,completed
138,121,2026-04-15,kakao_pay,completed
41,47,2026-04-17,naver_pay,completed
28,31,2026-04-18,card,completed
135,113,2026-04-20,card,refunded
223,130,2026-04-21,naver_pay,completed
128,86,2026-04-22,naver_pay,cancelled
113,125,2026-04-23,card,completed
282,40,2026-04-24,card,completed
54,65,2026-04-25,bank_transfer,completed
165,128,2026-04-26,kakao_pay,completed
88,16,2026-04-28,bank_transfer,completed
140,137,2026-04-29,naver_pay,completed
130,147,2026-04-30,naver_pay,completed
201,145,2026-04-30,bank_transfer,completed
225,116,2026-04-30,bank_transfer,cancelled
36,112,2026-05-04,kakao_pay,completed
208,92,2026-05-05,bank_transfer,refunded
1,123,2026-05-07,card,completed
258,57,2026-05-09,naver_pay,refunded
96,6,2026-05-11,kakao_pay,refunded
205,38,2026-05-11,bank_transfer,refunded
259,15,2026-05-11,card,completed
279,90,2026-05-11,bank_transfer,completed
69,126,2026-05-13,card,refunded
263,111,2026-05-16,bank_transfer,completed
33,40,2026-05-17,naver_pay,completed
194,114,2026-05-19,naver_pay,completed
15,65,2026-05-23,card,cancelled
183,144,2026-05-23,kakao_pay,refunded
40,8,2026-05-24,naver_pay,completed
283,127,2026-05-24,naver_pay,refunded
22,66,2026-05-25,kakao_pay,completed
274,112,2026-05-25,naver_pay,refunded
47,126,2026-05-26,naver_pay,completed
145,43,2026-05-27,kakao_pay,completed
13,117,2026-06-02,kakao_pay,completed
45,62,2026-06-03,naver_pay,cancelled
63,75,2026-06-03,bank_transfer,cancelled
251,40,2026-06-06,bank_transfer,refunded
180,95,2026-06-07,kakao_pay,refunded
215,12,2026-06-07,kakao_pay,cancelled
164,3,2026-06-10,card,refunded
168,11,2026-06-11,kakao_pay,cancelled
73,107,2026-06-14,bank_transfer,refunded
76,146,2026-06-14,card,refunded
51,142,2026-06-15,kakao_pay,cancelled
21,145,2026-06-19,bank_transfer,cancelled
212,122,2026-06-25,naver_pay,completed
272,118,2026-06-25,kakao_pay,completed
34,134,2026-06-30,kakao_pay,refunded
285,83,2026-06-30,kakao_pay,completed
256,111,2026-07-01,card,completed
48,24,2026-07-05,kakao_pay,completed
264,98,2026-07-05,bank_transfer,refunded
179,138,2026-07-08,card,cancelled
