order_id,product_id,quantity,unit_price,line_total
238,2,1,89000,89000
238,6,1,3000,3000
79,1,3,89000,267000
12,5,1,12000,12000
169,5,3,3000,9000
169,2,1,8000,8000
169,6,3,8000,24000
152,3,2,12000,24000
152,1,3,3000,9000
152,2,1,8000,8000
152,1,1,49000,49000
97,1,1,25000,25000
97,6,3,49000,147000
97,4,2,8000,16000
97,6,3,3000,9000
61,1,3,49000,147000
61,1,2,3000,6000
61,4,3,3000,9000
245,6,1,3000,3000
245,3,2,25000,50000
2,6,2,8000,16000
2,6,3,12000,36000
157,4,2,3000,6000
177,6,1,49000,49000
177,1,3,12000,36000
177,1,3,3000,9000
191,2,3,49000,147000
191,5,2,12000,24000
191,4,3,89000,267000
158,4,1,8000,8000
221,2,3,12000,36000
221,2,2,25000,50000
221,5,2,89000,178000
221,6,3,25000,75000
277,3,1,12000,12000
277,6,2,3000,6000
184,6,3,8000,24000
184,3,2,8000,16000
184,2,1,89000,89000
8,6,3,89000,267000
8,1,3,3000,9000
8,3,2,12000,24000
253,2,3,8000,24000
276,6,1,89000,89000
276,6,2,3000,6000
187,2,2,3000,6000
236,1,2,3000,6000
236,5,1,8000,8000
231,5,1,12000,12000
299,4,3,49000,147000
299,3,3,8000,24000
299,6,2,49000,98000
49,5,3,25000,75000
49,1,2,8000,16000
49,6,1,8000,8000
49,2,2,25000,50000
82,3,1,3000,3000
82,1,2,89000,178000
82,4,3,3000,9000
82,1,3,3000,9000
197,3,3,49000,147000
98,6,3,49000,147000
224,2,3,8000,24000
224,5,2,49000,98000
224,4,2,25000,50000
224,5,3,3000,9000
144,4,1,25000,25000
144,6,3,89000,267000
144,3,3,12000,36000
144,5,2,8000,16000
167,1,1,12000,12000
167,3,1,12000,12000
17,2,2,12000,24000
17,4,2,49000,98000
17,2,2,12000,24000
182,5,1,8000,8000
267,6,3,89000,267000
267,6,2,49000,98000
267,2,2,25000,50000
267,6,3,12000,36000
123,2,3,25000,75000
123,4,3,25000,75000
123,1,1,8000,8000
127,1,1,25000,25000
127,5,2,89000,178000
127,6,1,89000,89000
199,4,1,25000,25000
199,5,2,3000,6000
199,4,3,49000,147000
288,6,3,8000,24000
155,3,2,12000,24000
155,5,3,49000,147000
155,6,3,3000,9000
155,2,3,25000,75000
162,1,2,25000,50000
275,2,1,25000,25000
193,4,2,12000,24000
271,4,3,49000,147000
271,6,3,25000,75000
271,3,1,25000,25000
192,6,3,3000,9000
25,1,3,3000,9000
25,3,2,49000,98000
25,3,3,49000,147000
25,2,3,49000,147000
232,5,3,49000,147000
232,5,2,8000,16000
237,3,2,8000,16000
237,2,1,89000,89000
237,1,1,89000,89000
237,4,2,49000,98000
278,1,3,8000,24000
278,4,3,89000,267000
234,5,2,12000,24000
234,1,2,25000,50000
27,1,3,89000,267000
27,6,2,3000,6000
27,2,3,89000,267000
27,4,1,3000,3000
150,4,1,49000,49000
150,4,1,3000,3000
65,5,3,12000,36000
65,2,3,12000,36000
132,3,1,8000,8000
132,4,3,49000,147000
176,4,1,12000,12000
176,6,1,89000,89000
176,5,1,49000,49000
176,6,1,3000,3000
81,6,1,25000,25000
81,1,2,25000,50000
81,1,3,89000,267000
125,1,1,8000,8000
125,3,1,89000,89000
125,5,3,8000,24000
125,1,3,8000,24000
133,6,1,3000,3000
133,1,1,3000,3000
133,5,2,89000,178000
146,6,1,8000,8000
146,6,1,3000,3000
146,5,3,89000,267000
146,6,1,49000,49000
265,5,3,89000,267000
265,3,1,12000,12000
265,2,1,3000,3000
265,5,2,25000,50000
226,4,2,3000,6000
226,6,2,3000,6000
226,5,3,3000,9000
228,1,1,3000,3000
67,4,3,49000,147000
67,4,2,3000,6000
67,1,2,3000,6000
134,2,3,12000,36000
100,3,1,12000,12000
100,1,3,8000,24000
100,3,3,25000,75000
207,4,3,8000,24000
207,4,3,25000,75000
269,1,1,89000,89000
269,4,1,12000,12000
148,4,3,8000,24000
148,4,2,89000,178000
148,1,1,12000,12000
122,5,2,89000,178000
122,3,1,3000,3000
122,6,1,89000,89000
246,1,1,25000,25000
246,3,3,25000,75000
255,4,3,12000,36000
255,1,2,89000,178000
83,6,2,25000,50000
89,6,1,8000,8000
89,3,2,12000,24000
233,2,1,25000,25000
53,4,2,49000,98000
53,4,2,25000,50000
103,4,1,8000,8000
103,5,2,25000,50000
103,2,2,25000,50000
46,4,2,89000,178000
46,4,3,49000,147000
46,4,3,3000,9000
198,6,2,49000,98000
198,4,1,49000,49000
198,2,1,25000,25000
198,6,2,12000,24000
121,1,1,3000,3000
178,6,3,3000,9000
178,1,1,25000,25000
178,3,2,8000,16000
178,5,1,3000,3000
70,6,1,12000,12000
70,5,3,89000,267000
70,3,2,49000,98000
229,2,2,49000,98000
257,4,2,25000,50000
273,1,3,12000,36000
273,5,2,8000,16000
273,5,3,3000,9000
273,5,3,12000,36000
31,4,2,3000,6000
31,5,1,49000,49000
31,4,2,3000,6000
31,5,1,12000,12000
43,6,3,89000,267000
43,4,1,89000,89000
43,5,3,25000,75000
43,1,2,12000,24000
119,3,1,3000,3000
119,6,3,3000,9000
119,3,2,12000,24000
119,6,1,8000,8000
294,2,3,89000,267000
156,4,1,8000,8000
77,2,2,89000,178000
77,4,3,12000,36000
137,1,1,8000,8000
50,6,3,25000,75000
50,4,2,12000,24000
50,5,3,49000,147000
50,4,1,49000,49000
72,5,2,89000,178000
72,3,3,89000,267000
143,3,2,49000,98000
143,5,3,12000,36000
249,3,3,8000,24000
249,4,1,89000,89000
249,3,2,25000,50000
171,6,2,25000,50000
171,1,1,12000,12000
247,6,2,25000,50000
247,3,1,3000,3000
247,3,1,8000,8000
247,2,1,25000,25000
286,5,2,12000,24000
286,2,1,25000,25000
286,4,1,12000,12000
286,2,1,49000,49000
160,4,3,89000,267000
160,5,2,89000,178000
160,3,3,49000,147000
244,6,2,49000,98000
244,2,3,25000,75000
244,5,2,89000,178000
99,1,2,49000,98000
147,3,2,25000,50000
147,6,2,12000,24000
147,6,1,89000,89000
147,1,1,49000,49000
214,6,3,25000,75000
214,3,1,3000,3000
214,2,1,25000,25000
151,6,2,89000,178000
151,6,3,12000,36000
151,2,3,8000,24000
151,3,1,49000,49000
196,1,1,25000,25000
196,4,3,8000,24000
196,6,2,49000,98000
104,1,1,12000,12000
218,1,2,3000,6000
218,6,3,49000,147000
218,5,2,49000,98000
218,1,3,49000,147000
291,3,3,12000,36000
291,1,3,8000,24000
291,1,2,8000,16000
120,3,1,89000,89000
120,4,1,49000,49000
120,4,1,49000,49000
120,3,3,89000,267000
280,5,1,8000,8000
280,3,3,25000,75000
280,3,3,89000,267000
126,2,3,25000,75000
126,3,2,3000,6000
126,2,2,89000,178000
126,6,1,49000,49000
44,5,2,12000,24000
64,3,3,25000,75000
64,6,2,8000,16000
64,5,2,25000,50000
115,1,2,8000,16000
60,6,3,49000,147000
60,4,1,12000,12000
60,3,3,8000,24000
60,3,2,3000,6000
11,3,1,3000,3000
71,2,2,3000,6000
71,2,2,89000,178000
175,6,2,12000,24000
175,3,3,89000,267000
175,6,3,25000,75000
111,6,1,12000,12000
111,6,2,8000,16000
111,4,1,89000,89000
3,2,2,89000,178000
3,5,1,25000,25000
3,4,2,3000,6000
3,2,3,8000,24000
116,2,1,3000,3000
116,3,3,3000,9000
68,1,2,8000,16000
68,5,2,49000,98000
19,3,3,12000,36000
19,6,3,25000,75000
19,5,1,49000,49000
149,6,1,49000,49000
149,3,1,8000,8000
149,4,1,3000,3000
7,4,1,89000,89000
7,5,2,89000,178000
107,1,1,89000,89000
107,6,3,3000,9000
59,1,1,8000,8000
59,4,1,89000,89000
210,2,2,49000,98000
210,2,1,3000,3000
185,1,2,12000,24000
185,5,1,89000,89000
185,5,2,8000,16000
185,6,1,12000,12000
293,2,2,3000,6000
293,1,1,3000,3000
85,6,1,3000,3000
85,1,2,8000,16000
101,1,1,12000,12000
101,3,2,49000,98000
239,6,2,8000,16000
239,2,1,25000,25000
202,6,2,89000,178000
14,3,1,49000,49000
14,2,1,89000,89000
14,3,1,12000,12000
112,6,3,8000,24000
112,1,2,3000,6000
266,1,1,89000,89000
266,1,1,89000,89000
5,5,1,3000,3000
217,5,2,12000,24000
18,1,2,8000,16000
26,5,3,12000,36000
26,1,1,89000,89000
26,4,2,12000,24000
39,6,3,89000,267000
287,2,1,8000,8000
287,6,2,12000,24000
287,6,2,89000,178000
287,6,1,12000,12000
298,5,1,8000,8000
298,4,3,3000,9000
298,4,1,8000,8000
174,3,2,8000,16000
174,5,1,89000,89000
174,1,3,12000,36000
213,1,3,3000,9000
213,4,3,89000,267000
95,2,3,49000,147000
95,2,1,89000,89000
95,1,2,8000,16000
211,5,1,49000,49000
240,1,1,49000,49000
240,4,1,89000,89000
240,2,1,89000,89000
52,4,3,25000,75000
118,3,1,25000,25000
118,6,1,89000,89000
118,3,2,3000,6000
252,2,1,49000,49000
252,1,2,25000,50000
252,1,1,12000,12000
23,6,3,8000,24000
23,1,1,25000,25000
23,1,1,89000,89000
38,6,1,25000,25000
38,4,1,25000,25000
38,4,2,49000,98000
38,5,2,49000,98000
55,4,1,49000,49000
55,5,3,3000,9000
55,3,3,25000,75000
55,6,1,3000,3000
172,3,2,12000,24000
172,3,3,3000,9000
172,5,3,25000,75000
172,3,1,49000,49000
243,1,2,89000,178000
243,2,1,49000,49000
289,6,3,89000,267000
108,2,1,12000,12000
108,3,3,49000,147000
108,4,3,25000,75000
108,3,2,25000,50000
91,5,2,49000,98000
173,5,3,25000,75000
173,3,1,49000,49000
173,6,3,89000,267000
181,5,2,3000,6000
181,1,1,12000,12000
181,5,2,3000,6000
181,2,3,89000,267000
37,5,3,89000,267000
37,6,2,12000,24000
136,2,2,25000,50000
136,4,2,12000,24000
136,3,1,25000,25000
66,6,2,12000,24000
66,1,1,12000,12000
66,3,2,12000,24000
86,1,1,3000,3000
86,2,3,3000,9000
86,3,1,89000,89000
86,5,1,8000,8000
16,3,3,25000,75000
94,3,1,12000,12000
94,2,3,8000,24000
94,3,2,3000,6000
94,3,2,8000,16000
166,1,1,12000,12000
186,6,1,25000,25000
62,3,3,3000,9000
62,2,1,3000,3000
62,2,1,49000,49000
297,6,3,89000,267000
297,1,3,25000,75000
295,3,3,25000,75000
295,1,2,3000,6000
295,6,1,8000,8000
295,4,2,3000,6000
9,6,3,25000,75000
9,3,2,25000,50000
9,1,1,8000,8000
9,3,1,3000,3000
80,3,2,25000,50000
80,5,3,8000,24000
80,6,2,89000,178000
80,3,1,49000,49000
29,5,1,8000,8000
209,6,2,3000,6000
209,2,3,49000,147000
209,1,2,8000,16000
141,6,2,8000,16000
4,3,1,12000,12000
4,2,1,89000,89000
4,5,1,89000,89000
110,6,3,12000,36000
110,4,2,49000,98000
110,2,1,8000,8000
154,1,1,89000,89000
154,1,3,3000,9000
129,2,2,8000,16000
129,3,2,25000,50000
129,3,2,49000,98000
129,3,2,3000,6000
35,1,1,89000,89000
35,1,2,89000,178000
296,1,1,12000,12000
296,4,3,8000,24000
296,1,1,89000,89000
296,1,2,3000,6000
268,6,1,8000,8000
114,4,1,12000,12000
114,6,2,25000,50000
114,4,2,8000,16000
114,6,3,3000,9000
109,5,3,12000,36000
109,3,3,3000,9000
109,5,3,49000,147000
109,3,2,3000,6000
159,3,1,49000,49000
159,4,2,3000,6000
159,5,2,49000,98000
159,5,1,8000,8000
235,4,2,8000,16000
235,4,3,3000,9000
235,4,3,8000,24000
235,2,3,3000,9000
78,3,3,3000,9000
78,3,1,49000,49000
87,3,2,3000,6000
87,6,2,8000,16000
87,3,3,49000,147000
200,2,2,25000,50000
200,4,1,12000,12000
195,6,2,12000,24000
195,4,1,3000,3000
195,5,3,89000,267000
219,1,3,12000,36000
219,2,3,49000,147000
219,5,1,89000,89000
56,4,3,25000,75000
56,2,1,12000,12000
284,5,2,49000,98000
284,5,2,12000,24000
284,6,2,3000,6000
284,5,2,25000,50000
170,6,1,12000,12000
170,2,2,12000,24000
170,3,3,12000,36000
188,3,1,3000,3000
188,5,1,8000,8000
106,1,2,49000,98000
106,4,1,3000,3000
106,6,1,49000,49000
139,1,3,89000,267000
216,5,1,89000,89000
216,5,1,3000,3000
216,6,1,49000,49000
216,1,1,8000,8000
261,5,3,89000,267000
261,5,1,89000,89000
42,4,3,49000,147000
42,6,2,25000,50000
42,5,1,8000,8000
242,1,1,49000,49000
242,6,2,12000,24000
242,3,3,25000,75000
74,4,2,49000,98000
142,6,2,12000,24000
142,3,1,89000,89000
142,6,3,8000,24000
142,2,3,25000,75000
204,3,2,25000,50000
204,5,2,49000,98000
204,2,2,89000,178000
281,6,1,89000,89000
281,6,3,3000,9000
281,5,3,49000,147000
281,2,3,3000,9000
300,4,2,49000,98000
300,2,2,25000,50000
203,2,1,8000,8000
203,3,2,12000,24000
203,3,1,8000,8000
222,5,1,89000,89000
222,4,1,12000,12000
222,1,1,12000,12000
57,5,1,89000,89000
57,2,1,49000,49000
32,4,1,3000,3000
32,3,2,89000,178000
32,2,1,89000,89000
32,1,1,12000,12000
206,4,3,89000,267000
206,2,3,25000,75000
220,6,1,25000,25000
227,2,1,12000,12000
227,6,1,25000,25000
227,3,1,49000,49000
227,5,2,8000,16000
260,3,2,25000,50000
189,4,1,49000,49000
20,4,1,89000,89000
20,1,3,3000,9000
20,4,1,3000,3000
20,5,3,3000,9000
163,2,1,8000,8000
163,3,1,12000,12000
163,2,1,12000,12000
163,5,3,12000,36000
92,5,3,49000,147000
92,6,3,89000,267000
10,3,1,8000,8000
10,5,3,49000,147000
270,3,1,89000,89000
30,1,2,89000,178000
30,6,1,8000,8000
6,2,2,8000,16000
230,4,1,8000,8000
262,1,2,89000,178000
105,1,1,12000,12000
105,4,3,49000,147000
105,3,1,3000,3000
105,1,1,89000,89000
58,5,2,25000,50000
58,3,3,3000,9000
190,3,2,25000,50000
254,4,1,8000,8000
254,5,1,25000,25000
254,4,3,49000,147000
241,2,2,12000,24000
241,2,2,8000,16000
290,5,3,3000,9000
290,5,1,12000,12000
290,2,1,8000,8000
90,5,1,12000,12000
102,6,3,3000,9000
102,6,2,8000,16000
102,3,3,12000,36000
131,6,3,89000,267000
161,6,2,8000,16000
161,4,1,12000,12000
161,4,3,8000,24000
161,2,3,3000,9000
292,5,2,12000,24000
292,5,2,49000,98000
292,3,1,25000,25000
75,6,2,12000,24000
117,4,1,8000,8000
117,3,1,49000,49000
250,5,2,25000,50000
24,3,3,8000,24000
153,4,1,8000,8000
248,4,2,49000,98000
248,6,1,12000,12000
93,1,1,25000,25000
84,5,2,49000,98000
84,2,3,89000,267000
84,1,2,49000,98000
84,3,3,89000,267000
124,1,2,8000,16000
124,3,2,12000,24000
138,2,3,3000,9000
41,6,1,12000,12000
28,1,2,25000,50000
135,1,1,25000,25000
223,2,1,12000,12000
223,3,1,3000,3000
223,4,2,12000,24000
223,2,3,25000,75000
128,2,3,89000,267000
128,1,3,49000,147000
113,5,1,3000,3000
282,3,2,12000,24000
54,2,3,89000,267000
165,1,3,49000,147000
165,4,1,89000,89000
165,3,1,8000,8000
165,3,1,8000,8000
88,6,1,25000,25000
88,6,3,89000,267000
140,5,3,8000,24000
130,4,2,8000,16000
130,6,3,12000,36000
201,3,3,25000,75000
201,3,1,25000,25000
201,2,1,8000,8000
201,6,1,49000,49000
225,1,2,25000,50000
225,3,3,12000,36000
225,3,2,49000,98000
225,4,2,89000,178000
36,6,3,12000,36000
36,5,1,8000,8000
36,3,3,25000,75000
36,3,2,8000,16000
208,3,2,12000,24000
208,2,3,12000,36000
208,1,2,25000,50000
1,2,1,25000,25000
258,6,2,89000,178000
258,2,3,25000,75000
258,5,3,25000,75000
96,4,3,89000,267000
96,6,1,25000,25000
205,5,3,3000,9000
259,6,3,12000,36000
259,1,3,89000,267000
259,4,3,3000,9000
279,1,3,49000,147000
279,6,2,3000,6000
279,1,2,49000,98000
69,6,1,12000,12000
263,3,2,3000,6000
33,5,3,8000,24000
33,6,3,89000,267000
33,3,3,25000,75000
194,2,3,3000,9000
15,5,1,12000,12000
15,2,2,8000,16000
183,1,3,49000,147000
183,6,3,8000,24000
183,6,2,89000,178000
183,6,2,12000,24000
40,1,2,49000,98000
283,3,1,25000,25000
283,4,3,49000,147000
283,4,3,12000,36000
22,3,1,12000,12000
22,1,1,89000,89000
22,5,1,89000,89000
22,1,1,49000,49000
274,5,3,3000,9000
274,1,3,25000,75000
47,3,2,49000,98000
47,4,1,25000,25000
47,5,1,12000,12000
145,4,1,3000,3000
145,4,2,89000,178000
145,4,3,8000,24000
145,3,1,25000,25000
13,3,2,8000,16000
45,4,3,8000,24000
63,2,3,12000,36000
63,6,1,3000,3000
251,4,3,89000,267000
251,6,2,12000,24000
251,3,1,12000,12000
180,1,1,25000,25000
180,3,3,12000,36000
215,4,1,8000,8000
215,5,2,8000,16000
215,4,3,12000,36000
215,1,1,89000,89000
164,6,3,3000,9000
164,2,1,3000,3000
164,6,3,3000,9000
164,5,2,3000,6000
168,6,2,49000,98000
168,3,3,12000,36000
168,6,1,8000,8000
168,6,1,8000,8000
73,2,2,8000,16000
73,2,3,8000,24000
73,1,3,89000,267000
73,1,3,25000,75000
76,1,3,25000,75000
76,6,2,89000,178000
76,4,1,89000,89000
76,5,1,25000,25000
51,4,3,89000,267000
51,2,3,12000,36000
21,5,2,12000,24000
21,3,3,12000,36000
21,2,2,8000,16000
212,1,1,49000,49000
212,1,2,49000,98000
272,3,1,89000,89000
272,6,2,3000,6000
272,1,1,3000,3000
34,2,1,89000,89000
34,5,1,12000,12000
34,4,2,89000,178000
34,6,3,3000,9000
285,4,1,12000,12000
256,6,1,3000,3000
48,1,2,12000,24000
264,2,2,25000,50000
264,4,3,8000,24000
264,4,3,89000,267000
264,4,2,89000,178000
179,6,1,12000,12000
179,1,1,12000,12000
179,2,2,12000,24000
