item,question,checked
예측 시점,입력 변수가 예측 시점에 실제로 사용 가능한가?,True
목표 계산 재료,"quantity, unit_price, line_total 등이 입력에 없는가?",True
사후정보,order_status 같은 처리 후 정보가 입력에 없는가?,True
식별자,"order_id, customer_id, product_id가 입력에 없는가?",True
Pipeline 전처리,전처리가 Pipeline 안에서 train fold에만 fit되는가?,True
날짜 분리,같은 날짜가 train/test에 나뉘지 않았는가?,True
train CV 선택,모델 선택이 훈련 기간 TimeSeriesSplit에서 끝났는가?,True
test 최종 평가,test에서는 Baseline과 고정 모델만 비교했는가?,True
Dummy 비교,Dummy 베이스라인과 비교했는가?,True
지표 해석,"MAE, RMSE, R²를 함께 해석했는가?",True
낮은 성능 기록,낮은 성능이나 음수 R²를 숨기지 않았는가?,True
내부/공개 분리,공개 결과에서 order_id를 제거했는가?,True
