record_id,actual_is_cancelled,predicted_is_cancelled,cancel_probability,model,threshold
test_0001,0,0,0.5698235332893125,Logistic Regression,0.6
test_0002,0,0,0.5765829604592835,Logistic Regression,0.6
test_0003,0,0,0.3280957382481776,Logistic Regression,0.6
test_0004,1,1,0.880825918612601,Logistic Regression,0.6
test_0005,0,0,0.5458047714328214,Logistic Regression,0.6
test_0006,1,1,0.7236076777680139,Logistic Regression,0.6
test_0007,0,0,0.33718721882138863,Logistic Regression,0.6
test_0008,1,0,0.37257850791499114,Logistic Regression,0.6
test_0009,0,0,0.5636676889160993,Logistic Regression,0.6
test_0010,1,0,0.34995799967838565,Logistic Regression,0.6
test_0011,1,1,0.6939771500567156,Logistic Regression,0.6
test_0012,1,0,0.42121826922577255,Logistic Regression,0.6
test_0013,0,1,0.6827716193316563,Logistic Regression,0.6
test_0014,0,1,0.6184514643713412,Logistic Regression,0.6
test_0015,0,0,0.4084208586045517,Logistic Regression,0.6
test_0016,0,0,0.38385214184905,Logistic Regression,0.6
test_0017,1,0,0.446529373600074,Logistic Regression,0.6
test_0018,0,0,0.5368724921969555,Logistic Regression,0.6
test_0019,0,0,0.5170105188478473,Logistic Regression,0.6
test_0020,0,0,0.35918186628584314,Logistic Regression,0.6
test_0021,1,1,0.7190765401983862,Logistic Regression,0.6
test_0022,1,0,0.17779205253002367,Logistic Regression,0.6
test_0023,0,1,0.668059369533532,Logistic Regression,0.6
test_0024,0,0,0.43647707069102515,Logistic Regression,0.6
test_0025,0,0,0.44947844478908405,Logistic Regression,0.6
test_0026,0,0,0.21564634441592406,Logistic Regression,0.6
test_0027,0,0,0.5412372204362098,Logistic Regression,0.6
test_0028,0,0,0.46512749129433023,Logistic Regression,0.6
test_0029,0,0,0.3568975007599254,Logistic Regression,0.6
test_0030,0,0,0.5971917165395898,Logistic Regression,0.6
test_0031,0,0,0.16595849640181407,Logistic Regression,0.6
test_0032,0,0,0.21312258365868822,Logistic Regression,0.6
test_0033,0,0,0.47697176488734067,Logistic Regression,0.6
test_0034,0,0,0.5254511986875333,Logistic Regression,0.6
test_0035,0,1,0.7185475572145928,Logistic Regression,0.6
test_0036,0,1,0.6010420437521365,Logistic Regression,0.6
test_0037,0,0,0.4757711650937877,Logistic Regression,0.6
test_0038,1,0,0.12481217126879923,Logistic Regression,0.6
test_0039,0,0,0.44634461876363285,Logistic Regression,0.6
test_0040,0,1,0.7247916124227425,Logistic Regression,0.6
test_0041,1,0,0.2370053957085133,Logistic Regression,0.6
