order_id,customer_id,order_date,payment_method,order_status,order_month,order_dayofweek
1,123,2026-05-07,card,completed,2026-05,Thursday
2,77,2025-07-23,naver_pay,cancelled,2025-07,Wednesday
3,138,2025-11-19,bank_transfer,cancelled,2025-11,Wednesday
4,57,2026-01-30,kakao_pay,cancelled,2026-01,Friday
5,125,2025-12-21,card,cancelled,2025-12,Sunday
6,87,2026-03-21,naver_pay,completed,2026-03,Saturday
8,137,2025-08-03,card,cancelled,2025-08,Sunday
9,145,2026-01-20,card,completed,2026-01,Tuesday
10,110,2026-03-16,bank_transfer,cancelled,2026-03,Monday
12,98,2025-07-12,kakao_pay,completed,2025-07,Saturday
14,98,2025-12-18,kakao_pay,cancelled,2025-12,Thursday
15,65,2026-05-23,card,cancelled,2026-05,Saturday
16,5,2026-01-14,card,completed,2026-01,Wednesday
17,58,2025-08-17,card,completed,2025-08,Sunday
18,8,2025-12-23,bank_transfer,completed,2025-12,Tuesday
20,33,2026-03-11,naver_pay,completed,2026-03,Wednesday
21,145,2026-06-19,bank_transfer,cancelled,2026-06,Friday
22,66,2026-05-25,kakao_pay,completed,2026-05,Monday
23,30,2026-01-02,bank_transfer,completed,2026-01,Friday
24,28,2026-04-08,card,completed,2026-04,Wednesday
26,51,2025-12-24,card,refunded,2025-12,Wednesday
27,63,2025-09-14,card,completed,2025-09,Sunday
28,31,2026-04-18,card,completed,2026-04,Saturday
29,137,2026-01-26,naver_pay,completed,2026-01,Monday
30,18,2026-03-17,kakao_pay,completed,2026-03,Tuesday
31,108,2025-10-20,naver_pay,completed,2025-10,Monday
33,40,2026-05-17,naver_pay,completed,2026-05,Sunday
34,134,2026-06-30,kakao_pay,refunded,2026-06,Tuesday
35,138,2026-02-02,naver_pay,cancelled,2026-02,Monday
36,112,2026-05-04,kakao_pay,completed,2026-05,Monday
37,63,2026-01-11,card,completed,2026-01,Sunday
38,116,2026-01-04,bank_transfer,cancelled,2026-01,Sunday
39,146,2025-12-24,naver_pay,completed,2025-12,Wednesday
40,8,2026-05-24,naver_pay,completed,2026-05,Sunday
41,47,2026-04-17,naver_pay,completed,2026-04,Friday
42,91,2026-02-23,kakao_pay,completed,2026-02,Monday
43,72,2025-10-20,kakao_pay,refunded,2025-10,Monday
44,3,2025-11-10,bank_transfer,completed,2025-11,Monday
45,62,2026-06-03,naver_pay,cancelled,2026-06,Wednesday
46,143,2025-10-11,bank_transfer,cancelled,2025-10,Saturday
47,126,2026-05-26,naver_pay,completed,2026-05,Tuesday
48,24,2026-07-05,kakao_pay,completed,2026-07,Sunday
50,149,2025-10-24,kakao_pay,cancelled,2025-10,Friday
51,142,2026-06-15,kakao_pay,cancelled,2026-06,Monday
52,141,2025-12-30,kakao_pay,completed,2025-12,Tuesday
54,65,2026-04-25,bank_transfer,completed,2026-04,Saturday
56,138,2026-02-14,bank_transfer,completed,2026-02,Saturday
57,56,2026-03-02,naver_pay,completed,2026-03,Monday
58,135,2026-03-24,kakao_pay,completed,2026-03,Tuesday
60,93,2025-11-15,bank_transfer,completed,2025-11,Saturday
62,12,2026-01-15,card,refunded,2026-01,Thursday
63,75,2026-06-03,bank_transfer,cancelled,2026-06,Wednesday
64,27,2025-11-11,card,refunded,2025-11,Tuesday
66,113,2026-01-13,kakao_pay,completed,2026-01,Tuesday
67,14,2025-09-28,kakao_pay,cancelled,2025-09,Sunday
68,30,2025-11-22,card,cancelled,2025-11,Saturday
69,126,2026-05-13,card,refunded,2026-05,Wednesday
70,14,2025-10-16,bank_transfer,completed,2025-10,Thursday
71,145,2025-11-17,kakao_pay,completed,2025-11,Monday
72,64,2025-10-24,card,refunded,2025-10,Friday
73,107,2026-06-14,bank_transfer,refunded,2026-06,Sunday
74,98,2026-02-24,naver_pay,cancelled,2026-02,Tuesday
75,77,2026-04-06,naver_pay,completed,2026-04,Monday
76,146,2026-06-14,card,refunded,2026-06,Sunday
77,26,2025-10-23,bank_transfer,completed,2025-10,Thursday
78,68,2026-02-08,card,completed,2026-02,Sunday
80,20,2026-01-24,bank_transfer,completed,2026-01,Saturday
81,105,2025-09-20,naver_pay,refunded,2025-09,Saturday
83,60,2025-10-09,kakao_pay,completed,2025-10,Thursday
85,68,2025-12-12,bank_transfer,cancelled,2025-12,Friday
86,30,2026-01-13,bank_transfer,completed,2026-01,Tuesday
87,69,2026-02-08,bank_transfer,completed,2026-02,Sunday
88,16,2026-04-28,bank_transfer,completed,2026-04,Tuesday
90,32,2026-04-02,naver_pay,completed,2026-04,Thursday
92,139,2026-03-15,naver_pay,cancelled,2026-03,Sunday
93,21,2026-04-10,card,cancelled,2026-04,Friday
94,83,2026-01-14,kakao_pay,completed,2026-01,Wednesday
95,24,2025-12-29,bank_transfer,refunded,2025-12,Monday
100,24,2025-10-02,naver_pay,completed,2025-10,Thursday
101,105,2025-12-12,kakao_pay,completed,2025-12,Friday
102,27,2026-04-02,bank_transfer,completed,2026-04,Thursday
103,106,2025-10-10,naver_pay,completed,2025-10,Friday
104,103,2025-11-03,card,cancelled,2025-11,Monday
105,23,2026-03-22,kakao_pay,completed,2026-03,Sunday
106,83,2026-02-18,card,cancelled,2026-02,Wednesday
107,132,2025-11-28,card,refunded,2025-11,Friday
108,119,2026-01-07,naver_pay,completed,2026-01,Wednesday
109,49,2026-02-07,kakao_pay,refunded,2026-02,Saturday
110,128,2026-01-30,naver_pay,completed,2026-01,Friday
111,53,2025-11-18,kakao_pay,refunded,2025-11,Tuesday
112,34,2025-12-20,kakao_pay,cancelled,2025-12,Saturday
113,125,2026-04-23,card,completed,2026-04,Thursday
114,62,2026-02-06,bank_transfer,completed,2026-02,Friday
115,142,2025-11-13,card,refunded,2025-11,Thursday
116,105,2025-11-21,card,completed,2025-11,Friday
117,30,2026-04-06,naver_pay,completed,2026-04,Monday
118,40,2025-12-31,naver_pay,completed,2025-12,Wednesday
120,124,2025-11-04,naver_pay,completed,2025-11,Tuesday
122,49,2025-10-05,bank_transfer,completed,2025-10,Sunday
123,71,2025-08-23,naver_pay,completed,2025-08,Saturday
124,130,2026-04-14,kakao_pay,completed,2026-04,Tuesday
126,149,2025-11-07,naver_pay,completed,2025-11,Friday
128,86,2026-04-22,naver_pay,cancelled,2026-04,Wednesday
129,83,2026-02-01,bank_transfer,completed,2026-02,Sunday
130,147,2026-04-30,naver_pay,completed,2026-04,Thursday
131,106,2026-04-02,card,completed,2026-04,Thursday
132,122,2025-09-17,naver_pay,cancelled,2025-09,Wednesday
134,33,2025-09-30,kakao_pay,completed,2025-09,Tuesday
135,113,2026-04-20,card,refunded,2026-04,Monday
137,105,2025-10-23,bank_transfer,completed,2025-10,Thursday
138,121,2026-04-15,kakao_pay,completed,2026-04,Wednesday
139,102,2026-02-21,card,completed,2026-02,Saturday
140,137,2026-04-29,naver_pay,completed,2026-04,Wednesday
141,125,2026-01-27,card,refunded,2026-01,Tuesday
142,18,2026-02-24,bank_transfer,completed,2026-02,Tuesday
144,26,2025-08-16,card,cancelled,2025-08,Saturday
145,43,2026-05-27,kakao_pay,completed,2026-05,Wednesday
146,12,2025-09-21,kakao_pay,completed,2025-09,Sunday
147,76,2025-10-31,kakao_pay,completed,2025-10,Friday
149,136,2025-11-25,naver_pay,refunded,2025-11,Tuesday
153,37,2026-04-08,bank_transfer,cancelled,2026-04,Wednesday
154,66,2026-01-31,naver_pay,completed,2026-01,Saturday
155,3,2025-08-26,naver_pay,completed,2025-08,Tuesday
156,140,2025-10-22,bank_transfer,completed,2025-10,Wednesday
158,77,2025-07-29,naver_pay,completed,2025-07,Tuesday
161,61,2026-04-04,naver_pay,refunded,2026-04,Saturday
162,92,2025-08-26,kakao_pay,completed,2025-08,Tuesday
164,3,2026-06-10,card,refunded,2026-06,Wednesday
165,128,2026-04-26,kakao_pay,completed,2026-04,Sunday
166,91,2026-01-14,bank_transfer,completed,2026-01,Wednesday
168,11,2026-06-11,kakao_pay,cancelled,2026-06,Thursday
170,24,2026-02-15,kakao_pay,completed,2026-02,Sunday
171,107,2025-10-26,bank_transfer,completed,2025-10,Sunday
172,34,2026-01-06,kakao_pay,refunded,2026-01,Tuesday
173,129,2026-01-09,kakao_pay,completed,2026-01,Friday
174,66,2025-12-26,naver_pay,completed,2025-12,Friday
175,87,2025-11-17,card,cancelled,2025-11,Monday
176,20,2025-09-17,bank_transfer,completed,2025-09,Wednesday
177,102,2025-07-27,kakao_pay,completed,2025-07,Sunday
178,102,2025-10-14,card,completed,2025-10,Tuesday
179,138,2026-07-08,card,cancelled,2026-07,Wednesday
180,95,2026-06-07,kakao_pay,refunded,2026-06,Sunday
181,98,2026-01-09,kakao_pay,completed,2026-01,Friday
182,60,2025-08-21,naver_pay,completed,2025-08,Thursday
183,144,2026-05-23,kakao_pay,refunded,2026-05,Saturday
184,57,2025-08-02,card,cancelled,2025-08,Saturday
185,78,2025-12-10,naver_pay,completed,2025-12,Wednesday
186,36,2026-01-14,card,completed,2026-01,Wednesday
187,78,2025-08-05,naver_pay,completed,2025-08,Tuesday
188,25,2026-02-17,bank_transfer,refunded,2026-02,Tuesday
189,35,2026-03-09,naver_pay,cancelled,2026-03,Monday
190,95,2026-03-31,naver_pay,refunded,2026-03,Tuesday
191,40,2025-07-28,naver_pay,completed,2025-07,Monday
192,126,2025-09-04,naver_pay,completed,2025-09,Thursday
195,93,2026-02-11,card,completed,2026-02,Wednesday
196,140,2025-11-02,kakao_pay,completed,2025-11,Sunday
197,102,2025-08-10,kakao_pay,completed,2025-08,Sunday
199,55,2025-08-23,card,completed,2025-08,Saturday
201,145,2026-04-30,bank_transfer,completed,2026-04,Thursday
202,142,2025-12-16,bank_transfer,refunded,2025-12,Tuesday
203,56,2026-02-28,bank_transfer,completed,2026-02,Saturday
204,38,2026-02-24,card,completed,2026-02,Tuesday
205,38,2026-05-11,bank_transfer,refunded,2026-05,Monday
206,65,2026-03-05,bank_transfer,completed,2026-03,Thursday
207,7,2025-10-03,bank_transfer,completed,2025-10,Friday
208,92,2026-05-05,bank_transfer,refunded,2026-05,Tuesday
209,83,2026-01-26,card,completed,2026-01,Monday
210,68,2025-12-02,card,completed,2025-12,Tuesday
211,108,2025-12-29,card,completed,2025-12,Monday
212,122,2026-06-25,naver_pay,completed,2026-06,Thursday
213,132,2025-12-26,card,cancelled,2025-12,Friday
215,12,2026-06-07,kakao_pay,cancelled,2026-06,Sunday
216,8,2026-02-21,card,cancelled,2026-02,Saturday
217,103,2025-12-21,naver_pay,completed,2025-12,Sunday
218,126,2025-11-03,naver_pay,completed,2025-11,Monday
220,38,2026-03-06,card,completed,2026-03,Friday
221,71,2025-07-31,kakao_pay,cancelled,2025-07,Thursday
222,136,2026-03-01,kakao_pay,cancelled,2026-03,Sunday
223,130,2026-04-21,naver_pay,completed,2026-04,Tuesday
224,30,2025-08-15,bank_transfer,cancelled,2025-08,Friday
225,116,2026-04-30,bank_transfer,cancelled,2026-04,Thursday
226,87,2025-09-26,naver_pay,cancelled,2025-09,Friday
227,107,2026-03-07,card,completed,2026-03,Saturday
229,96,2025-10-18,bank_transfer,cancelled,2025-10,Saturday
230,18,2026-03-21,card,completed,2026-03,Saturday
232,96,2025-09-06,bank_transfer,refunded,2025-09,Saturday
233,16,2025-10-09,kakao_pay,completed,2025-10,Thursday
234,106,2025-09-13,kakao_pay,cancelled,2025-09,Saturday
235,14,2026-02-07,kakao_pay,refunded,2026-02,Saturday
236,80,2025-08-06,kakao_pay,completed,2025-08,Wednesday
238,124,2025-07-09,bank_transfer,completed,2025-07,Wednesday
239,90,2025-12-13,kakao_pay,completed,2025-12,Saturday
240,72,2025-12-29,bank_transfer,cancelled,2025-12,Monday
241,144,2026-04-01,card,refunded,2026-04,Wednesday
242,69,2026-02-23,card,completed,2026-02,Monday
243,70,2026-01-06,kakao_pay,completed,2026-01,Tuesday
244,90,2025-10-29,card,completed,2025-10,Wednesday
245,37,2025-07-20,naver_pay,completed,2025-07,Sunday
246,37,2025-10-05,card,completed,2025-10,Sunday
247,136,2025-10-27,bank_transfer,cancelled,2025-10,Monday
248,108,2026-04-08,naver_pay,completed,2026-04,Wednesday
249,41,2025-10-25,kakao_pay,completed,2025-10,Saturday
250,84,2026-04-07,card,completed,2026-04,Tuesday
251,40,2026-06-06,bank_transfer,refunded,2026-06,Saturday
252,13,2025-12-31,card,completed,2025-12,Wednesday
255,56,2025-10-06,card,completed,2025-10,Monday
256,111,2026-07-01,card,completed,2026-07,Wednesday
257,125,2025-10-18,kakao_pay,completed,2025-10,Saturday
258,57,2026-05-09,naver_pay,refunded,2026-05,Saturday
260,78,2026-03-07,bank_transfer,completed,2026-03,Saturday
261,66,2026-02-22,kakao_pay,completed,2026-02,Sunday
262,31,2026-03-21,card,cancelled,2026-03,Saturday
264,98,2026-07-05,bank_transfer,refunded,2026-07,Sunday
265,144,2025-09-22,kakao_pay,completed,2025-09,Monday
266,102,2025-12-20,card,cancelled,2025-12,Saturday
267,5,2025-08-21,naver_pay,completed,2025-08,Thursday
268,81,2026-02-04,naver_pay,refunded,2026-02,Wednesday
270,30,2026-03-16,naver_pay,completed,2026-03,Monday
271,84,2025-09-03,bank_transfer,refunded,2025-09,Wednesday
272,118,2026-06-25,kakao_pay,completed,2026-06,Thursday
273,112,2025-10-19,card,completed,2025-10,Sunday
274,112,2026-05-25,naver_pay,refunded,2026-05,Monday
276,87,2025-08-04,bank_transfer,completed,2025-08,Monday
277,44,2025-07-31,card,refunded,2025-07,Thursday
278,30,2025-09-10,bank_transfer,completed,2025-09,Wednesday
279,90,2026-05-11,bank_transfer,completed,2026-05,Monday
280,27,2025-11-04,bank_transfer,completed,2025-11,Tuesday
281,51,2026-02-24,bank_transfer,refunded,2026-02,Tuesday
282,40,2026-04-24,card,completed,2026-04,Friday
283,127,2026-05-24,naver_pay,refunded,2026-05,Sunday
284,149,2026-02-14,naver_pay,refunded,2026-02,Saturday
285,83,2026-06-30,kakao_pay,completed,2026-06,Tuesday
286,113,2025-10-28,card,cancelled,2025-10,Tuesday
289,19,2026-01-06,kakao_pay,cancelled,2026-01,Tuesday
290,116,2026-04-01,card,completed,2026-04,Wednesday
291,95,2025-11-03,kakao_pay,completed,2025-11,Monday
292,24,2026-04-05,naver_pay,cancelled,2026-04,Sunday
293,149,2025-12-11,card,cancelled,2025-12,Thursday
294,147,2025-10-21,bank_transfer,completed,2025-10,Tuesday
295,122,2026-01-18,bank_transfer,completed,2026-01,Sunday
296,116,2026-02-02,card,completed,2026-02,Monday
297,22,2026-01-15,bank_transfer,completed,2026-01,Thursday
298,64,2025-12-25,naver_pay,cancelled,2025-12,Thursday
300,96,2026-02-25,kakao_pay,cancelled,2026-02,Wednesday
